1.015330775051769052e+00,1.023705979728740889e+00,8.782257110489345431e-01,1.018834476325287952e-01,9.999218783468588612e+00
1.043959635966321464e+00,1.101526689416434390e+00,1.896088536278083714e+00,1.301927631606830893e+00,9.741284736206210937e+00
9.450968439168874191e-01,9.225073266628976976e-01,2.992302749462074196e+00,1.909703216315141505e+00,9.113391962790073464e+00
8.936980842881778742e-01,1.882733046647858011e+00,9.371353240138562413e-01,1.878560044481956126e+00,9.633682354162395711e+00
1.075214594426337822e+00,2.057628734377319191e+00,2.089477131088490758e+00,3.209669889809774190e+00,8.720911308406089191e+00
1.048068913090774323e+00,2.070806851520892611e+00,3.049407680358141359e+00,3.510542021128943091e+00,7.906122158998379668e+00
8.973721768371929475e-01,3.079421935590384241e+00,1.072330329496387069e+00,3.957187904343897777e+00,8.055627750284152455e+00
1.057460205317317214e+00,2.999296414414934553e+00,2.085189241607038557e+00,4.167167527925440318e+00,7.696624460260982126e+00
9.533027666438368408e-01,2.944550591492665514e+00,3.042339712726615186e+00,4.038349338404030320e+00,7.295259663991349619e+00
1.932592386697571607e+00,1.017196789360716780e+00,1.064623114015511796e+00,3.053726664980221273e+00,9.349291288644497655e+00
1.907418002070943475e+00,9.066938936089165013e-01,2.116147032536005668e+00,3.697664457959619178e+00,8.821017523169967234e+00
1.986755915946812223e+00,1.078254157796147750e+00,2.924237264304991868e+00,4.284962998292288994e+00,8.014152007816235823e+00
1.981480765604647143e+00,1.916396878221356292e+00,9.034557665479121535e-01,4.641702160042256331e+00,8.213526402003440197e+00
1.893193386573392534e+00,2.034059486633649882e+00,2.096073727471285508e+00,4.836054347868405934e+00,7.760911357572879865e+00
1.998552016665754216e+00,1.875571526439237857e+00,3.005172800647779585e+00,4.909673797864401834e+00,7.367894672825696212e+00
2.117882250461077032e+00,2.881694031318835503e+00,1.120979446047760009e+00,5.836927241509458852e+00,6.209509607319843028e+00
1.888106227814932758e+00,2.910730175683646337e+00,2.089395267455115057e+00,5.529857151281087901e+00,6.643913768271680453e+00
1.996921491370908130e+00,2.893135636101008767e+00,3.057988586056791913e+00,5.679198826993223648e+00,6.445943955748236753e+00
2.931922459096679923e+00,9.001286543511299865e-01,1.061693898383585077e+00,5.599617560393970628e+00,7.489417117993591333e+00
2.910066612862092228e+00,1.021763708305866825e+00,2.024897563579571624e+00,5.580919591954327075e+00,7.506617212647009652e+00
2.987703160617214415e+00,9.927957481146199026e-01,3.096351433888125726e+00,5.719384130168516656e+00,7.351664165168124043e+00
2.946177965144444855e+00,2.033787107654601467e+00,9.104512694447141063e-01,6.421537827278692490e+00,5.992993262328456971e+00
3.014140185013029161e+00,1.896459652239770755e+00,2.079644878841826916e+00,6.437966648327706487e+00,6.061259042706518052e+00
3.112710662748308987e+00,1.961123252004148165e+00,3.063961758070732344e+00,6.570838954195222570e+00,5.765400818867449928e+00
2.985167486116792723e+00,3.110652574203793375e+00,1.008655769368666411e+00,6.483541861773788995e+00,4.162195738769887576e+00
2.946066881249244318e+00,3.103329047683357267e+00,1.937110298197129543e+00,3.865605929942665497e+00,-1.911194711675044289e+00
3.124416508804739756e+00,2.976018710971694681e+00,2.939350224533829881e+00,-7.224896870341765975e-01,-5.510099133302135854e+00
9.638570125061773908e-01,1.072758548620201369e+00,1.008460328046512977e+00,1.679267908453151159e-01,9.997170741783682146e+00
1.101897654548057215e+00,9.731511667972505553e-01,1.889674348628653799e+00,1.268585365020433287e+00,9.765149161350645812e+00
1.121008726652460652e+00,1.097177823174843248e+00,3.073013905292835801e+00,2.461651836744596089e+00,8.843301765025554317e+00
1.010496984082666527e+00,2.021997297750838918e+00,1.100628742722165043e+00,2.275467807203880533e+00,9.456687594476479219e+00
8.960182424807157098e-01,1.905513243913655952e+00,2.033285420748857319e+00,2.757882426324163028e+00,9.019169022754233822e+00
1.108244845468689732e+00,1.974307203341316264e+00,2.920595979002034159e+00,3.511446589523178119e+00,8.063855709693669382e+00
9.201831693280924096e-01,3.016282069036540392e+00,1.091695764555343784e+00,3.879759276291737002e+00,8.152888151193115718e+00
1.037529517084737840e+00,3.039007279473222134e+00,2.090128268592164495e+00,4.160799981981533335e+00,7.677959156434774890e+00
1.122381112451448226e+00,3.060026584736161848e+00,2.961278339597683829e+00,4.312063471164766959e+00,7.339030146203556093e+00
1.940428782058184032e+00,1.117407816273561894e+00,1.073304846337387097e+00,3.269842142525110962e+00,9.245006504226381594e+00
1.903588540377349370e+00,1.045837595768885020e+00,2.077944592304290516e+00,3.734121947225430560e+00,8.805994338133308119e+00
2.014768846825976123e+00,1.039515786490168514e+00,3.092596701385665003e+00,4.329409801133778046e+00,7.881681428072861983e+00
1.989401663161800116e+00,2.008968712481293828e+00,1.065579561082335758e+00,4.801905885774305105e+00,8.035098641811954323e+00
2.017894523414100139e+00,2.037629802250261246e+00,2.008309178212937418e+00,5.025476195641072508e+00,7.668126115829172917e+00
1.927647832165240827e+00,1.928599739623061859e+00,2.897490979395348720e+00,4.848909212444823424e+00,7.422604035517695209e+00
1.896045983201849694e+00,3.046859961533296968e+00,1.107588858521410202e+00,5.630657202802615835e+00,6.356291054091349757e+00
1.911034452871006817e+00,2.944484005051844377e+00,2.123785803289876206e+00,5.587808574574149034e+00,6.528315941723085380e+00
2.075942314939108080e+00,2.878853525209527753e+00,3.058780551309035367e+00,5.780058317380659005e+00,6.304836950403472251e+00
2.935563542212215271e+00,1.116083176925862785e+00,9.992779838763332645e-01,5.729542015063088023e+00,7.335936218569386824e+00
2.957967841677631160e+00,8.802668285333722364e-01,2.037326164934643025e+00,5.655956688529565568e+00,7.425459769146193878e+00
2.938773961543044155e+00,1.090853320949286331e+00,2.953750241589930159e+00,5.710311039561386970e+00,7.360067085349705884e+00
2.883384015268946943e+00,1.948797324406091880e+00,9.811469374495838114e-01,6.304500679294132937e+00,6.258774784220950238e+00
2.876984977157393875e+00,2.018949071316039845e+00,1.955749670856727018e+00,6.333567609878112847e+00,6.161043321061318245e+00
3.116165488913644310e+00,1.988407733963542645e+00,2.955896862928118374e+00,6.583098838435155642e+00,5.719638199482648844e+00
2.995269608190740840e+00,3.083274225906429855e+00,9.827399929544811119e-01,6.508518404633669263e+00,4.249562840622793658e+00
2.876231766034785586e+00,2.876950825507846421e+00,2.070276923198212771e+00,8.538992875804822802e-01,-1.350087921643466160e+01
3.082769290079891533e+00,2.951837495227139563e+00,3.000301424459302702e+00,-1.690438531579109949e+00,-7.084405000643645423e+00
1.074596151647905895e+00,9.440676978623441240e-01,9.507567241567577154e-01,2.440722343147493367e-01,9.996027530928405014e+00
8.977773449422165042e-01,1.116188171222544989e+00,2.054577325071871741e+00,1.347559512645304602e+00,9.678026346493270538e+00
9.178226070208631571e-01,1.021919439259123985e+00,2.903768113747166701e+00,1.885833693464486815e+00,9.168134480461763047e+00
1.015722624259470575e+00,1.972168463862111532e+00,9.562035501546288785e-01,2.106245907806694628e+00,9.542586722164278612e+00
1.103018443071480448e+00,1.922592945571857115e+00,2.106252890528250266e+00,3.095806978233833995e+00,8.829465405386052623e+00
1.049921842575232578e+00,1.966010511793510052e+00,3.114413959179494817e+00,3.426685392453053147e+00,7.954182692098773266e+00
1.058012438334994032e+00,2.973771369018022526e+00,1.111265087085419490e+00,3.968175233570887084e+00,8.119963193183279415e+00
9.070744078138492927e-01,3.057708414822724485e+00,2.065390859813124536e+00,4.104222032904933926e+00,7.704330734577271578e+00
1.026245107632180353e+00,3.085251665528561560e+00,2.926839329617190177e+00,4.171025553459718260e+00,7.335365135455965024e+00
1.983302968284771151e+00,8.909291165430015536e-01,1.007584394763597402e+00,3.126050915511255468e+00,9.317454447477752311e+00
2.117817020531976180e+00,1.042818462457234974e+00,2.088543269122734358e+00,4.218481881915788989e+00,8.506778473381126915e+00
1.916130921162784384e+00,8.805129872651381584e-01,3.078934401938215881e+00,4.112735536410342618e+00,8.040602022007627525e+00
2.098249943034498521e+00,1.996671320320355658e+00,1.026652082808712896e+00,5.011814968320051022e+00,7.853413081303419752e+00
1.997560738548457948e+00,2.023486197911534834e+00,2.025938251746438379e+00,4.985027510589528532e+00,7.693657918948987096e+00
2.037590604807875572e+00,1.964411959760120840e+00,2.879469392975549713e+00,5.021084052452670754e+00,7.398741549906469928e+00
1.982133072973247145e+00,3.013572608506229766e+00,1.009372113064551213e+00,5.729375704297900995e+00,6.238366726224527703e+00
1.973399766291211721e+00,3.015942998062196345e+00,2.039813561965598154e+00,5.719013799536790010e+00,6.252350199075634052e+00
1.890725278227103345e+00,3.086863883582810608e+00,2.960375411094152032e+00,5.646354744326048447e+00,6.287213633469723284e+00
3.057208912687102931e+00,1.063991199896789253e+00,1.025920304046511022e+00,5.923556533558556936e+00,7.098974681917301410e+00
3.047096750554766587e+00,1.035041665660855870e+00,2.013982785078709092e+00,5.876526560901037755e+00,7.159738335560104083e+00
3.122892131038982555e+00,1.035784289795713908e+00,2.895905832437795535e+00,6.026452951733157093e+00,6.964132363576885254e+00
3.120712689781075966e+00,2.028108332796944691e+00,1.117573917037481657e+00,6.599350287129695403e+00,5.654105216962185487e+00
3.066149968020239758e+00,2.064637685818359270e+00,2.023901001927361332e+00,6.558244140711350312e+00,5.705555004892062243e+00
3.023394296405300441e+00,2.107341871902004282e+00,2.927261343649643077e+00,6.530078200399067612e+00,5.724371109062487584e+00
2.914461529005001772e+00,3.006109367607119331e+00,9.004501410866241340e-01,6.500015125553169071e+00,4.473857860180507906e+00
2.913854739824289553e+00,2.879295002225190636e+00,2.044814397503846859e+00,1.876030367372383267e+00,-9.714864047419023763e+00
2.884551516117194403e+00,3.059896161145007731e+00,2.984778163221129432e+00,-3.011476543448468490e+00,-9.948437106593257084e+00
1.116199689273769113e+00,9.113272249083691490e-01,1.051406177924691931e+00,4.359224825025074246e-01,9.986901298612046673e+00
8.988942219443288861e-01,1.106426661727544669e+00,1.990746958761179242e+00,1.266570082663369012e+00,9.716554357086113924e+00
9.123259015659773707e-01,9.002146695766899409e-01,3.059301776291619035e+00,1.956046166855467172e+00,9.056882588100346965e+00
1.080226446175941435e+00,1.945441873010835154e+00,1.007088589171882154e+00,2.256797182927397838e+00,9.503219030142917134e+00
9.846576749711124510e-01,1.902398147826366070e+00,1.906380940033504556e+00,2.666084633473220222e+00,9.115063628870263557e+00
9.135382803737551738e-01,2.109908701964963385e+00,2.972934645036074297e+00,3.435203645145221252e+00,7.986674945266727832e+00
9.144114954677520224e-01,3.006824270715178216e+00,8.972978060005106782e-01,3.839775203397008951e+00,8.202518756756541407e+00
1.005089381045329411e+00,2.949163469968589801e+00,1.978122112829465706e+00,4.016689680621748693e+00,7.844733677865992405e+00
1.097568437810068742e+00,3.079018033992697134e+00,2.897159118552992130e+00,4.286982914067541728e+00,7.356008308683227526e+00
1.934484361001974850e+00,9.095186921296086746e-01,1.120234917835432054e+00,3.071789157407438520e+00,9.339834488569046300e+00
1.959201694077145284e+00,1.119403637936567497e+00,2.055886118605581014e+00,3.955786012119694384e+00,8.668972101519731410e+00
1.878158834861291648e+00,1.013375290034046250e+00,2.902965570137962636e+00,4.006595170542884610e+00,8.223896199818600650e+00
1.926543926165188214e+00,1.974869303655301112e+00,8.816861104344799749e-01,4.596382541513373887e+00,8.227682313790040780e+00
2.111618013743717714e+00,1.949436715159073241e+00,2.093100438148546960e+00,5.106856411323304812e+00,7.626765434622983619e+00
2.060748207164930346e+00,2.073075759557822639e+00,2.908985515332706662e+00,5.115759419456940904e+00,7.400471004797014807e+00
2.062144912638828487e+00,3.015901797114741711e+00,1.106203117895367072e+00,5.833072879448119252e+00,6.062345278822466099e+00
2.099768751172096160e+00,3.046216057954881595e+00,2.059253245548713807e+00,5.891225561473098615e+00,5.921396144856366561e+00
2.110210891235532404e+00,2.912815081058419242e+00,2.939364344506584903e+00,5.843205226158412202e+00,6.164540851632274610e+00
3.001998444202943706e+00,1.072294592124398926e+00,9.140435403960999183e-01,5.821200988857633263e+00,7.227541403034880574e+00
2.991621245487277925e+00,1.106620634307332596e+00,1.888113923824608520e+00,5.833582438685607663e+00,7.210511481436759240e+00
3.104788968988394959e+00,1.011232859583751864e+00,3.086787225687016356e+00,5.969708758286742523e+00,7.040070790140893209e+00
3.122930636737120569e+00,1.983293046923844560e+00,9.044552819656331843e-01,6.588095382324700822e+00,5.713801510936581174e+00
2.965252894203059597e+00,2.105816995486881726e+00,2.024312703660325674e+00,6.471000443404379077e+00,5.841621223948089359e+00
3.087137546100765295e+00,1.999306426974776674e+00,2.973399234471162611e+00,6.557952307993589969e+00,5.760638989352024453e+00
3.020774290728161393e+00,2.980438661272144962e+00,9.226123550929694606e-01,6.548349836755004816e+00,4.378554295477639968e+00
3.058512201575101397e+00,3.093856841735137309e+00,1.879823750076973443e+00,4.290334851575989816e+00,-6.676331411343028321e-01
3.077603867118242409e+00,2.913596002680833852e+00,3.053417691289514124e+00,-2.537450717474239781e+00,-8.402797634658785597e+00
8.814164246105662404e-01,8.817318475173077097e-01,9.399310068108106542e-01,0.000000000000000000e+00,1.000000000000000000e+01
1.026595826026620362e+00,9.661331169732207957e-01,1.997671086416897612e+00,1.138357122150731815e+00,9.754151878063003878e+00
9.273456421375283476e-01,1.061408454965760306e+00,3.101415278088671457e+00,2.090626819828393934e+00,8.966443310392007149e+00
1.072620053918116545e+00,2.033939338524057394e+00,9.010609963759828034e-01,2.400086821652112512e+00,9.427316177615709947e+00
8.776741536495843432e-01,1.943437889265225982e+00,2.091847224554896911e+00,2.854312569589237736e+00,8.933517854381543444e+00
9.248954452412627703e-01,1.992857552639509588e+00,3.096863372267030901e+00,3.346411952947598856e+00,7.995852648523841921e+00
1.049121347642063551e+00,2.979078906457034659e+00,1.041147473370337639e+00,3.934453690117339253e+00,8.151479878926039646e+00
1.118009501942441419e+00,3.030440872250509621e+00,1.998311336653985748e+00,4.291194630703339286e+00,7.651811675596094986e+00
9.860575429223080723e-01,2.875626091337779577e+00,3.079070867294506630e+00,3.996429587707966302e+00,7.293166080910006954e+00
2.009483540124917145e+00,9.012721301339351454e-01,1.093572861869371637e+00,3.269859937810083217e+00,9.248321559695895644e+00
1.943576092101815478e+00,1.108257879719528161e+00,2.058432898426258539e+00,3.906016622247331149e+00,8.700403632769473816e+00
2.098835884692616283e+00,9.236027511297049131e-01,2.963135036338935269e+00,4.413042981089680517e+00,7.933718122128412986e+00
2.106574648166141372e+00,1.972268175883451713e+00,9.409941157034101833e-01,4.994869225062114282e+00,7.881505268809971376e+00
2.098943691126399447e+00,2.088855006343914411e+00,2.064344936748700121e+00,5.182507118337550622e+00,7.553892163701295459e+00
2.006403575077573720e+00,2.045226790375257675e+00,3.016111370207672060e+00,5.018701613477869472e+00,7.349957676103358928e+00
2.043101981750874874e+00,2.906458604445605332e+00,9.530658510771224945e-01,5.751493902930717717e+00,6.320725146259761118e+00
1.946532192557632213e+00,3.013522711563137335e+00,2.052386303337749851e+00,5.681247917436540007e+00,6.314819107269728171e+00
1.949875738444595275e+00,2.890422938696382005e+00,3.058158192826632593e+00,5.609012791964708811e+00,6.551966969978136213e+00
2.902753388741069251e+00,1.119808325011878214e+00,1.080473043183271198e+00,5.665618101090736047e+00,7.410433347110016555e+00
2.967716824679677234e+00,1.106919681558776958e+00,2.043031371199239388e+00,5.785819868095474661e+00,7.269035539268619672e+00
3.037748169122672426e+00,1.064056207406522070e+00,2.902108400540377442e+00,5.885080806744058535e+00,7.148104575594830479e+00
2.992741990808247543e+00,2.038210148878215833e+00,9.664663543178158012e-01,6.474412191139327533e+00,5.890918385052088979e+00
3.004350225596503332e+00,2.105541265233293213e+00,1.994432267098891653e+00,6.510713809900350313e+00,5.764402059538094036e+00
3.012484610768583426e+00,1.917755647058356994e+00,2.984926038806788196e+00,6.445770543440218603e+00,6.032886452404555122e+00
3.105778497639132496e+00,3.113265575526108719e+00,1.100310590202020267e+00,6.371720627733285625e+00,3.563823035459379174e+00
2.907285513396780985e+00,2.909255236825825097e+00,2.073814650941445681e+00,1.975832025581564011e+00,-8.664819879445719408e+00
3.049944863577151111e+00,2.906027927905862285e+00,3.075420135390609211e+00,-3.252099054021089231e+00,-9.664755344605158172e+00
1.008381622047118675e+00,1.073871134941099648e+00,9.095604103986967282e-01,1.885515300237581848e-01,9.996763490731186863e+00
9.196665680774026574e-01,9.403047275076621414e-01,2.023203738579603783e+00,1.079430987294856648e+00,9.754956483763633557e+00
1.034998058620086425e+00,1.081290172816693484e+00,3.073653851789951652e+00,2.203838131876729278e+00,8.940886866328751736e+00
1.000020766811368533e+00,1.896068023642079048e+00,9.842784005861735519e-01,1.905553627836882757e+00,9.622656347080614125e+00
9.996842590999712730e-01,1.913992363313236966e+00,1.960376310750602924e+00,2.722308992887191526e+00,9.063909422468528376e+00
1.067394798740257000e+00,1.961452963628505408e+00,3.101326523410957936e+00,3.455244559670892279e+00,7.952726926003825803e+00
1.052422087069936341e+00,3.045531722315639289e+00,1.012033279998686197e+00,4.023584487195957848e+00,8.043205698794292147e+00
1.083102823838522522e+00,2.905969599273931170e+00,2.017758922697194812e+00,4.134695888896819937e+00,7.789461006039889668e+00
1.082268477573833154e+00,3.054837807237143377e+00,2.890102332489042247e+00,4.248137605964492636e+00,7.351254076394641679e+00
2.004986025872764532e+00,8.919489257031272267e-01,1.107419980697709638e+00,3.267381940661516104e+00,9.249090916702325416e+00
1.932455852655693640e+00,9.446009921405885690e-01,2.075234942860925358e+00,3.733592757025287590e+00,8.815995396906846082e+00
1.875432960558326645e+00,9.585465655974018118e-01,3.118727737877864836e+00,4.046852126496921720e+00,8.051731361470274351e+00
1.919626013368208373e+00,1.962382899701767602e+00,9.026058819677149625e-01,4.562570455572299899e+00,8.259807656355667049e+00
2.038603460316650740e+00,2.068634593316989623e+00,1.927000757967457956e+00,5.074475172610830143e+00,7.645548045944440041e+00
2.096600795102203207e+00,1.970935527801646492e+00,2.892712858357185279e+00,5.103968301804788332e+00,7.398082833042828987e+00
2.067677728203583420e+00,2.908760867661551952e+00,9.829934526722733379e-01,5.785777479221321684e+00,6.263543119504471512e+00
2.106326265520837016e+00,2.969281566786564852e+00,2.112010445140708903e+00,5.865771460018147643e+00,6.060936176046141100e+00
2.028152703776820776e+00,3.063276445686197835e+00,2.911693742405041974e+00,5.812958043485621396e+00,6.040021186473564896e+00
3.055760333031498632e+00,9.905730163427716173e-01,9.454065209957587257e-01,5.860914197133817005e+00,7.179709902743467431e+00
3.116901619681443858e+00,9.890686922873169751e-01,2.017842308018286346e+00,5.983658794653315738e+00,7.021706251977015256e+00
2.993696536403168906e+00,8.909910894394506009e-01,3.017645812691417184e+00,5.732052162985410426e+00,7.336690810958901743e+00
3.114185284170219337e+00,1.934489584996390121e+00,1.072299862362446676e+00,6.563235771087681414e+00,5.800470053759564593e+00
3.117624229072646358e+00,2.085324281289800297e+00,2.093968754058061155e+00,6.611898231869322018e+00,5.577753040470140533e+00
2.893081407388018000e+00,2.045540577362307655e+00,3.078598416560220929e+00,6.365839451303481056e+00,6.084768941799902464e+00
2.995983764174204200e+00,2.984120071017331455e+00,9.107700781880412322e-01,6.537936323900755298e+00,4.402565641446340550e+00
2.886456462743602014e+00,3.006053286475752984e+00,1.892743879980550936e+00,3.610517815500188021e+00,-4.101063635964033338e+00
3.118086467298833320e+00,2.903678325959987205e+00,3.115183804583276928e+00,-2.508117486111718364e+00,-7.714726506189016675e+00
9.167700548822239615e-01,9.652271222339074974e-01,1.075106988582539058e+00,8.191435091838875082e-02,9.998657647440644780e+00
9.703218198663285943e-01,9.102302754731157464e-01,2.012121395422063586e+00,1.068514377264883741e+00,9.760149779456714469e+00
9.786810055737905634e-01,9.337993719014865412e-01,2.906439221968401210e+00,1.847931474845126987e+00,9.183790148527041453e+00
1.115149770822868147e+00,1.900264032384329616e+00,9.572445025121369966e-01,2.267880845958824665e+00,9.514371034130196136e+00
1.107471875935677863e+00,1.999835400061734436e+00,2.077313069120630740e+00,3.201390255626916037e+00,8.758931828998907321e+00
9.757174343616166201e-01,1.949032847883953590e+00,3.060583880587554706e+00,3.293087590803707165e+00,8.078108736824191283e+00
1.052282123743774278e+00,2.953426713956761152e+00,9.272363452612433221e-01,3.894757464876524189e+00,8.203970208988222268e+00
1.111382149189551249e+00,2.972737349956861230e+00,2.012384919014420515e+00,4.238052221871982717e+00,7.702019933848594846e+00
8.812414241013996064e-01,2.885140289098271804e+00,2.996940282073690565e+00,4.008434072152986971e+00,7.337273451124339374e+00
1.989524307109085344e+00,1.035680790063645107e+00,1.020296123103030528e+00,3.221150817888660534e+00,9.272640977645082216e+00
1.932328370578317855e+00,1.093721998260206885e+00,1.912372563308752049e+00,3.778028273090186406e+00,8.829268460483229219e+00
2.091551780550630291e+00,8.895206045287993302e-01,3.105841188877856762e+00,4.424463107873086720e+00,7.827489294479040183e+00
2.002866261246867730e+00,1.969370743539487600e+00,9.359508269206149311e-01,4.763411313987806928e+00,8.090537908564455094e+00
1.899942525921541669e+00,2.107924714018003520e+00,1.887071081425301333e+00,4.882712961035629462e+00,7.769120184711213462e+00
1.987805516023297470e+00,2.100525315042637509e+00,3.033824760371589768e+00,5.024938740054740727e+00,7.348970973980963883e+00
2.018010698488112986e+00,3.101073760282774927e+00,9.651983706836310128e-01,5.817316006532180950e+00,5.985546233749424516e+00
1.876413266268357249e+00,2.948815676080794645e+00,1.998927124246657749e+00,5.538900394333262867e+00,6.593724342228307833e+00
1.972063552038074707e+00,2.916569882106560652e+00,3.102264987922209283e+00,5.658503562317113378e+00,6.452923207793769933e+00
2.977086630536687650e+00,1.053885258449787754e+00,1.092643712844783677e+00,5.751989296786163663e+00,7.312156530324819492e+00
3.029011233482923338e+00,1.069383864214641155e+00,2.011133599641409031e+00,5.872677762114292044e+00,7.163561343105747881e+00
3.073482193833926068e+00,8.950319354563101015e-01,2.975036137121614743e+00,5.896925036133678688e+00,7.134250221796381908e+00
3.007842209704427283e+00,1.954238583192343892e+00,1.046591064142550653e+00,6.456559260857263283e+00,5.987707513531890235e+00
3.041241303145473918e+00,1.918889101403449038e+00,2.116105869190109345e+00,6.478975872395796642e+00,5.971374117515247271e+00
3.054261650147117813e+00,2.123060124049114261e+00,3.105400791277769912e+00,6.564149713656666663e+00,5.641225518921531901e+00
3.055888250986098509e+00,3.022110798766505013e+00,9.771613454385780217e-01,6.548745026401793012e+00,4.276735074886990340e+00
2.966702932310158580e+00,3.007065681325602036e+00,2.066705096290365251e+00,3.128663961312986075e+00,-3.714524253784562191e+00
3.068715315964282375e+00,3.089757006348722079e+00,2.894983055571811459e+00,-2.558964894326747341e-01,-4.631923690219533540e+00
1.002441096510437779e+00,9.794120624187416801e-01,9.396382293066319891e-01,7.988468139403718041e-03,9.999995745623913024e+00
9.519981013817873094e-01,9.456660326685299989e-01,2.101475662447046311e+00,1.155799113282502066e+00,9.716783347495956846e+00
1.019083503904186561e+00,9.156438421383279458e-01,3.040092287490797851e+00,1.997459669344362698e+00,9.056882155464517581e+00
8.902227718491922959e-01,1.998330037555567040e+00,9.153794237549957025e-01,2.109788803322254935e+00,9.533077454155845842e+00
9.317534178256039468e-01,1.886700118654087488e+00,2.081361818583282286e+00,2.760057145191365358e+00,9.003122873678174543e+00
8.825022586755317811e-01,2.081655039724511269e+00,3.009882400730285568e+00,3.415485625856938157e+00,7.982587701764548349e+00
1.033427241174149636e+00,3.005223785600468211e+00,1.077934227790070087e+00,3.941729590034486641e+00,8.121142322373385625e+00
9.394452100916816928e-01,3.042981133723692722e+00,2.012765418684877794e+00,4.087876774657043022e+00,7.740205344558908074e+00
9.046598877621333523e-01,3.094334459220012157e+00,3.056899126332303762e+00,4.121822932565988751e+00,7.284069472390608979e+00
1.999779595814499711e+00,9.754074196765754046e-01,1.024804032740203041e+00,3.188389004855050946e+00,9.288438256195666654e+00
1.936874643448667666e+00,8.754369975860181174e-01,1.968423420863675055e+00,3.681329128022890362e+00,8.882149881374477474e+00
1.914163452577146707e+00,9.123257918785211418e-01,2.922317598874546007e+00,4.067372504125119193e+00,8.178253574553020044e+00
2.103132286782369409e+00,1.956409197486152607e+00,1.113015723452814854e+00,4.987189129386260689e+00,7.887676110367894289e+00
2.096476220256234146e+00,1.876285704655890285e+00,1.964662413792905848e+00,5.018331246517237609e+00,7.741911465468610309e+00
1.887397146585120922e+00,1.959780205732768898e+00,3.081533793035446500e+00,4.801863634033856520e+00,7.329976118916479599e+00
2.117103738244854760e+00,3.111182127775960371e+00,1.051613527494780431e+00,5.934401732507522453e+00,5.754191516735271961e+00
2.103803336436779858e+00,3.068067376741967944e+00,2.107083794026734846e+00,5.904394019625410550e+00,5.869012826012292905e+00
1.892125712253540648e+00,3.080094901188520584e+00,2.965825223596416649e+00,5.644459635332861325e+00,6.297855493947118077e+00
3.082362613256789174e+00,1.039116699264056587e+00,8.773316249769307351e-01,5.950477918446681613e+00,7.064837911162513251e+00
2.894394302811575059e+00,1.021113958582156922e+00,2.025900731777147357e+00,5.558476391046073495e+00,7.523039259251454780e+00
2.875141969413859577e+00,9.265717413664920077e-01,3.063851079372952757e+00,5.522301090787628652e+00,7.472703967701384009e+00
2.878955526544180188e+00,1.885426566193978415e+00,1.099166120572670602e+00,6.262396081112735935e+00,6.367882393079655756e+00
3.022556686160139616e+00,1.988970219488057856e+00,1.924733206789052575e+00,6.487126630688019091e+00,5.905190561960726114e+00
2.991025771765161601e+00,2.121158609233913417e+00,2.940956565722068650e+00,6.502637493447220862e+00,5.766554524251155556e+00
3.017161425890208193e+00,3.100480540359058512e+00,8.801561541413600587e-01,6.509844482598847293e+00,4.199259165063142341e+00
3.006073338333772327e+00,2.882527459757910471e+00,1.930396103223858573e+00,3.504408085023293040e+00,-4.420252618721301374e+00
3.081869412536392794e+00,2.943412915241205408e+00,3.025369899387765571e+00,-1.946762595063507462e+00,-7.393635329718078353e+00
9.434354384325175369e-01,9.579585232069958156e-01,1.046069949623912976e+00,5.025113476947280777e-02,9.999494913668435458e+00
1.074070986529410909e+00,1.121426953180936215e+00,2.104815357508509344e+00,1.632533270451135721e+00,9.599499608115865001e+00
9.905487136288655403e-01,1.061650034824803690e+00,3.028672736255997311e+00,2.043489973566642526e+00,9.029710971691120136e+00
1.088773025507408843e+00,2.045560312814423298e+00,1.092016403500417621e+00,2.546286175789026718e+00,9.355662114284788444e+00
1.120586688789115382e+00,2.041936643343170932e+00,1.901937319420072159e+00,3.195586051829522045e+00,8.826685442391129399e+00
1.051479779593440966e+00,1.933917083921524283e+00,2.913130442786763474e+00,3.347111071618291245e+00,8.177677644396339929e+00
1.044393498319211799e+00,2.883762220681948207e+00,9.964940279542946477e-01,3.775688567606242163e+00,8.332096449333009858e+00
1.003591071878114693e+00,3.055636855363990545e+00,1.950159661505728170e+00,4.097851816826874938e+00,7.751222721832347062e+00
9.861957743936734522e-01,2.986447024715891629e+00,3.052111387408518617e+00,4.060925109844816028e+00,7.283592211367140301e+00
2.004110761242952066e+00,1.101070384421667159e+00,1.090225166382189137e+00,3.435241408615637759e+00,9.162486341898151920e+00
2.068587661849311310e+00,1.006825467860793299e+00,1.918915750508735751e+00,3.976838910945224015e+00,8.723790521750093063e+00
2.050460789478676826e+00,9.367030006620784555e-01,3.045535272765546253e+00,4.345147765913832671e+00,7.919824289615370994e+00
2.035609493686647120e+00,2.033095743236873698e+00,1.118715712017785080e+00,4.940582971235990328e+00,7.896446791771646545e+00
2.036524361435287922e+00,2.033518293874720495e+00,2.051016604770760310e+00,5.053446895621594770e+00,7.641548250019129185e+00
2.065435306526280268e+00,1.975352932877965317e+00,2.959270896662227202e+00,5.061159382981506916e+00,7.373399488878209951e+00
2.116028475693395805e+00,3.094457207686155176e+00,1.011887716365505119e+00,5.927596071518060228e+00,5.790085893038505738e+00
1.884827172843188903e+00,2.901376797562142507e+00,1.906899247195815050e+00,5.518032223710688911e+00,6.669291639115857429e+00
1.875403449719184046e+00,2.925223587123516378e+00,2.952923325295234047e+00,5.520700478390105026e+00,6.642458755247174551e+00
2.898124958358293313e+00,1.003277846746130075e+00,1.078708761950961881e+00,5.531379782528023981e+00,7.564869288668945480e+00
3.121326721862284881e+00,1.116716919293382348e+00,2.043605712928501461e+00,6.091242629613011772e+00,6.871581958174208360e+00
2.995083809775342942e+00,9.216204169578380290e-01,3.034835329327262965e+00,5.734978820638342967e+00,7.333220243981195097e+00
3.066225311514374496e+00,2.112535010585022910e+00,1.104535344415317644e+00,6.572316263116592339e+00,5.634249189981272110e+00
3.072171555001694365e+00,1.936477470005506074e+00,1.958977564302510466e+00,6.519961247771833612e+00,5.882124200585762352e+00
2.931061013717391361e+00,2.022122336092334383e+00,3.017480017536758652e+00,6.399148353690921276e+00,6.042583219904765102e+00
2.895463343126286837e+00,2.922146496243567704e+00,9.996459332903946393e-01,6.507803068543413616e+00,4.639019945096301001e+00
2.913380810549739852e+00,3.065771350845059917e+00,1.877599626472741035e+00,3.964066956723803159e+00,-2.381797304249817060e+00
2.943306917522851673e+00,2.991301075018656164e+00,2.893641324745501286e+00,-2.388719618985220450e+00,-9.771007945295593800e+00
1.008167581358905496e+00,9.769471984661430852e-01,1.040845134596096733e+00,7.127879880569162885e-02,9.999396585319338726e+00
1.105623701520356494e+00,1.093960050436505238e+00,1.896996674227730661e+00,1.479022859942280776e+00,9.708446271333958322e+00
1.088583637624359168e+00,1.055787397362135893e+00,3.033226876528321458e+00,2.282574968343927591e+00,8.949913636640914660e+00
1.003431923554891192e+00,2.013502889692244224e+00,1.020862905224752426e+00,2.168570423495157051e+00,9.506992905522789528e+00
1.038125362503468097e+00,2.010963794337209176e+00,2.070102999810474742e+00,3.039921250778690798e+00,8.832280932448011157e+00
9.543183734243574357e-01,2.072141691143591924e+00,2.993067148323418802e+00,3.402497259025080822e+00,8.008499465904939996e+00
1.083815368189216866e+00,3.089610468811583743e+00,9.721684992974174433e-01,4.152342203235022566e+00,7.914204068831869776e+00
1.029917132407815350e+00,2.919178462378209105e+00,2.008637347588041688e+00,4.043728619847366090e+00,7.834631502411729898e+00
1.063087070529934008e+00,2.895607777595325061e+00,3.033942396977903577e+00,4.114929752353457815e+00,7.296968837062387969e+00
1.977081949740791211e+00,1.047824084727214444e+00,9.881773619669755870e-01,3.191399796290658841e+00,9.286698998673847072e+00
2.076148126625539270e+00,1.070040608153910222e+00,1.929188028311794589e+00,4.088347636983938216e+00,8.640468379837800583e+00
1.921142202887572870e+00,9.482058943015080343e-01,3.111224907091139524e+00,4.129286955117764890e+00,8.006741172014487873e+00
1.946263027411418989e+00,1.945379060833130502e+00,8.902992992451378429e-01,4.600674738870801583e+00,8.235805800114066599e+00
2.121772106799733049e+00,2.044485506025898403e+00,2.105905758484482693e+00,5.186570053246756018e+00,7.556751796468591742e+00
1.895889762579792359e+00,1.914701219220563466e+00,3.008676196795047275e+00,4.791846767214494207e+00,7.381160234278022259e+00
1.930071306028280809e+00,2.909603795648571634e+00,1.068735628013382177e+00,5.592586954605440752e+00,6.556529873068787317e+00
2.092959977226071633e+00,3.108554311483100463e+00,2.022385099186337243e+00,5.907049528498593105e+00,5.810671490796675442e+00
1.890582230818461884e+00,2.884867237750164737e+00,2.967820041268064646e+00,5.514883212039103810e+00,6.689424441057399306e+00
3.015174678612801973e+00,1.034131765019703719e+00,8.899893442229465101e-01,5.810816998284836998e+00,7.241444221861085495e+00
3.111117387424960690e+00,8.758609915194172091e-01,1.944887145235614900e+00,5.972227652660626163e+00,7.036793676683538834e+00
3.007010042483905021e+00,9.155825588495727363e-01,2.882461726353127140e+00,5.760052171904852969e+00,7.303311251307183838e+00
2.942985242810664648e+00,2.117322114983766213e+00,9.942776816225458170e-01,6.451986413680539378e+00,5.868289223488853068e+00
2.939380363378031991e+00,2.030427681510764693e+00,2.023559865535704549e+00,6.412387153183477295e+00,6.012298733694433572e+00
2.907344680586112506e+00,2.112638523978528582e+00,3.091937453440032790e+00,6.411795280752897952e+00,5.948097157570148674e+00
3.065190649501919218e+00,2.877936870914044487e+00,9.711654099665747442e-01,6.591289350000767655e+00,4.482037815619683840e+00
2.919296995492594693e+00,2.921431139173133573e+00,2.121246283643801078e+00,1.937746743347901202e+00,-7.958993212183679944e+00
2.973946143518956031e+00,2.973993645948628917e+00,2.882889985207396144e+00,-2.070244961798513472e+00,-9.195452066296272875e+00
1.040454520178422548e+00,1.059489713052417903e+00,8.810362671805680446e-01,2.620920266801648468e-01,9.994857258745430073e+00
1.009822860855914328e+00,8.895619000219568973e-01,2.041200087307954991e+00,1.128132361282298435e+00,9.741646916486519814e+00
1.099052464687944708e+00,1.121525680978136430e+00,2.984139951695353954e+00,2.388851412137293462e+00,8.921738268922673853e+00
1.001923128743340996e+00,2.014434881615541961e+00,1.010082004690764146e+00,2.156339424816502870e+00,9.512107566719102181e+00
9.744067686641529891e-01,1.939040098695949066e+00,2.050367722906888623e+00,2.821297214760789984e+00,8.969988580412469048e+00
9.242781757152369604e-01,1.930318166743693498e+00,3.031160725414534962e+00,3.265492472472256935e+00,8.126728361292244074e+00
8.837081000995352653e-01,3.119647169086190441e+00,9.659772100635345415e-01,3.992714251202893028e+00,8.009689835886966591e+00
9.464210882375441170e-01,3.109485982310437713e+00,2.045094908193867411e+00,4.140732324053677083e+00,7.668214549206708419e+00
9.584611274345025134e-01,2.952175335533912204e+00,2.990293901048687086e+00,4.047000767947459110e+00,7.320716947959310161e+00
2.118818660675543253e+00,9.574874873251181251e-01,9.312833813983302234e-01,3.517622845082811534e+00,9.123921007964353791e+00
2.102102546261120697e+00,1.026373896548123055e+00,1.891415818353467504e+00,4.067674472790636209e+00,8.672469449605712200e+00
1.892856504353744862e+00,9.355537638372312115e-01,3.045302633681029381e+00,4.061072853849038822e+00,8.096622862743760862e+00
1.999400797202126379e+00,1.924030585604116883e+00,1.035892607199857984e+00,4.703996910228770645e+00,8.155935606817834582e+00
1.971890629030455200e+00,2.011602535492890365e+00,2.086471798212292228e+00,4.941569968463777940e+00,7.706460444830772971e+00
2.039332172561240331e+00,1.946174269022956871e+00,3.092867764781960904e+00,4.999795973949370698e+00,7.322083447585031379e+00
1.925477742811866566e+00,3.022540270063239110e+00,1.111446191264220840e+00,5.657405473201331247e+00,6.341924952631356582e+00
1.943820841597883042e+00,3.124962524881982784e+00,2.123640593498580031e+00,5.736293074004569448e+00,6.096190593332921459e+00
2.052332046356088124e+00,3.010513731156659656e+00,2.956821504550070756e+00,5.818356346957294534e+00,6.094103720197697527e+00
3.054834404159702643e+00,9.370505486602866974e-01,1.067562420452587091e+00,5.859023056688807074e+00,7.182077404442280155e+00
2.936694561659388469e+00,8.780234801761634955e-01,1.932418226788258142e+00,5.609994490727819638e+00,7.477746660287515112e+00
3.085461506854140890e+00,1.095420450164738879e+00,2.996671001875978568e+00,6.006271160525955111e+00,6.988932413938888644e+00
3.115748579569932897e+00,2.084908995132248588e+00,9.278097312764209681e-01,6.610112984691740579e+00,5.581831210639808916e+00
2.945586086529482284e+00,1.921690114603292088e+00,2.091566245035907379e+00,6.367979916063799095e+00,6.168118998271621578e+00
3.097417213075682074e+00,2.115323035564422582e+00,3.007100841254569445e+00,6.601379362053185318e+00,5.571667171138543040e+00
2.972537709762198332e+00,3.067810269953022306e+00,9.255798618500330477e-01,6.505628691115898476e+00,4.300105055905351747e+00
2.959305771086325976e+00,3.069459093326486698e+00,2.001360284361587194e+00,3.570744523201382137e+00,-2.510094981227050326e+00
3.030115150670987578e+00,2.938202364067043160e+00,3.100598187707039433e+00,-3.279426873823812372e+00,-9.383893899991701204e+00
1.015774280452068190e+00,9.150288144182104899e-01,1.081013647377038200e+00,1.399575546986775998e-01,9.997652605626651479e+00
9.820987741207961585e-01,9.857257452382953700e-01,2.059908242585684501e+00,1.115404956278585491e+00,9.737380562959543795e+00
9.810859774794497001e-01,1.006451721258873722e+00,2.882542949274808031e+00,1.842092177509166540e+00,9.197800263776688467e+00
9.994102922947901702e-01,2.041876534334167381e+00,1.047780805625048384e+00,2.236853484805586767e+00,9.471443248695411654e+00
1.080375278956746454e+00,1.998089700076815189e+00,1.953746804057308273e+00,3.059465474540961516e+00,8.886264150671912887e+00
1.044452964152216445e+00,2.103828874617452716e+00,2.912571446207089743e+00,3.507596471881190503e+00,8.000939314732548269e+00
1.076802126137045512e+00,3.027440323277148515e+00,1.018615557249801462e+00,4.059415405457243331e+00,8.029897025838552693e+00
1.060737520856604110e+00,3.050044933510946077e+00,1.950088388005394524e+00,4.199429800258640100e+00,7.702086559021476653e+00
9.795872902531542747e-01,3.019068854025311666e+00,2.966108556036568089e+00,4.086736293711640045e+00,7.320747545337203732e+00
1.906055510401564845e+00,1.110884931067851689e+00,9.385609745383922675e-01,3.100104674103176805e+00,9.327076625625709383e+00
2.049865806054893547e+00,9.633493151244642005e-01,2.033900006825501539e+00,3.984413856739785764e+00,8.682798000866352339e+00
2.055647353015867651e+00,9.402327333290962930e-01,3.024703258956976892e+00,4.350236839195759764e+00,7.931231671766495239e+00
1.909817320978093758e+00,1.986410287513225681e+00,9.008910862754598847e-01,4.573729574730641900e+00,8.241333953484923924e+00
2.080135544892230737e+00,2.018780454910659827e+00,2.091130671397998242e+00,5.109391924611652591e+00,7.604962438805848102e+00
2.043118086558486368e+00,2.046270149000757765e+00,3.003329462991347398e+00,5.070487073986397419e+00,7.364630573194697050e+00
2.009824454380604752e+00,2.889550259763788986e+00,9.677058708394058462e-01,5.695261788258425995e+00,6.425376382808785536e+00
1.923963719565663588e+00,3.015475276461978993e+00,2.040349703601770148e+00,5.651132559232920904e+00,6.359312032490404221e+00
1.880098110295253200e+00,3.046527551357653074e+00,3.113263726177931456e+00,5.607952392050985502e+00,6.391155292131928789e+00
2.879971422595346997e+00,9.110829047780084622e-01,9.253913086797836973e-01,5.485088981682182840e+00,7.615056095785138979e+00
2.959125775468858688e+00,9.497421462197991326e-01,2.068539089801114006e+00,5.658444525169623596e+00,7.422601502821238206e+00
2.909176168070442881e+00,1.011021075348891962e+00,3.034453773784638209e+00,5.573465532580413218e+00,7.492800095027248197e+00
3.016612629654718880e+00,1.950183714880924013e+00,1.024773557067895302e+00,6.464675357181348225e+00,5.975670993577512746e+00
2.998114553630989221e+00,1.933579511643497950e+00,2.029219830600302643e+00,6.436320443930755530e+00,6.039126331276214010e+00
2.947407136908190672e+00,1.988438754134917996e+00,3.094941376088813367e+00,6.402621905019387327e+00,6.061070378366079758e+00
2.997293943556638141e+00,2.970780775755311964e+00,9.649752034561958070e-01,6.541866524608009215e+00,4.421728803545730280e+00
2.960294313431896640e+00,2.931135609051690238e+00,2.025571018228594422e+00,2.965848575599608239e+00,-5.220010237959055388e+00
3.036012366050749645e+00,3.021439793647792804e+00,2.944724243689341492e+00,-1.222945058614234526e+00,-6.489210557780321409e+00
1.059274043489251138e+00,9.614712836719297995e-01,9.132015724801412215e-01,1.939522294620511789e-01,9.997491749424384011e+00
8.801086254003394060e-01,9.939937961326947846e-01,2.117339921428341487e+00,1.171116071828989691e+00,9.708729758549885958e+00
1.123311537976085850e+00,1.046990688286141946e+00,2.947235394135710340e+00,2.307314976637523163e+00,9.000328992472136136e+00
9.382337784921012114e-01,2.083496397051067817e+00,1.020892004752730342e+00,2.294494876291303775e+00,9.442384695364406610e+00
1.068046794537370170e+00,2.013615655902511126e+00,2.038082322211445696e+00,3.100845258700057006e+00,8.819399903288147158e+00
9.009159197406588770e-01,1.960395637823816095e+00,3.030868341195480653e+00,3.297422480487242957e+00,8.094087632422784395e+00
1.053047145235610715e+00,2.899399934675808588e+00,1.022442472647591583e+00,3.827803357031818621e+00,8.283368752092462373e+00
8.813268027239181679e-01,3.009552640000482171e+00,2.099665337173466817e+00,4.071044919066858725e+00,7.731900678512063863e+00
8.942635616333677318e-01,2.880356185795318158e+00,3.124466119226792404e+00,3.994696246430677000e+00,7.265643888298781938e+00
1.980856565831034199e+00,9.803150376283976675e-01,9.039901726627761480e-01,3.112749819739008217e+00,9.323546626184565866e+00
1.919483103509937783e+00,8.860740227082978260e-01,2.099643334611502432e+00,3.716815272347725241e+00,8.816474771565889768e+00
2.048380913116680802e+00,9.512099610340107869e-01,2.962704128109473700e+00,4.325079726400896440e+00,7.989739011900500287e+00
2.112795399542100050e+00,1.889578800381522150e+00,1.103468655530256859e+00,4.924230930823435770e+00,7.972748985265133648e+00
1.907014496206505427e+00,2.019224753136023232e+00,1.931395367777347660e+00,4.825081555409345135e+00,7.831980856942804436e+00
2.107056633865942441e+00,1.942529276264409965e+00,2.899519537479359421e+00,5.100889087074762962e+00,7.396240719011816012e+00
1.900950989743887432e+00,3.011602033292990921e+00,9.194152173261727068e-01,5.616269878933276338e+00,6.416387527585189154e+00
1.961525356802176878e+00,2.995478084037945354e+00,1.887620847223730136e+00,5.691448295778161359e+00,6.318734515074208247e+00
2.022356321149564096e+00,2.995509931622461153e+00,2.938277507221241702e+00,5.772685358518020671e+00,6.188263408685311440e+00
3.102460717248391564e+00,9.463492251134294486e-01,9.936510784816032782e-01,5.955048781531606217e+00,7.059319467813034876e+00
3.124587805834810883e+00,9.337954054182509012e-01,1.955150204280105442e+00,5.998789703773378612e+00,7.001613276360209248e+00
3.053084830383145043e+00,8.798547865210428753e-01,3.050563769809429893e+00,5.855447072634888173e+00,7.186548791975980066e+00
3.058373500755978913e+00,2.114550712212018180e+00,9.515736585465928155e-01,6.565586569802773553e+00,5.646150541309173043e+00
2.972886324231486910e+00,2.118296945518911567e+00,2.078154624682356122e+00,6.483349869390037767e+00,5.806899875930939814e+00
3.007465704176332189e+00,2.019570942322541640e+00,2.932734478050886384e+00,6.482905106169964071e+00,5.889552317347965804e+00
2.964590505867517045e+00,2.957198113553049623e+00,1.123388088251165762e+00,6.338763735390941179e+00,3.341335888627639861e+00
3.004063325416447050e+00,2.921604312520840629e+00,2.070988344720425811e+00,2.944330958572749068e+00,-4.666021776862796955e+00
3.025405028784845740e+00,2.982713663775688584e+00,2.949146892931236774e+00,-1.723189019834029168e+00,-7.636862368878523100e+00
1.087976348797679460e+00,1.119507425504237652e+00,1.040446049140550056e+00,5.915778877173603068e-01,9.973333339312627999e+00
8.753383895515900459e-01,9.857296825336702151e-01,2.041972244455123153e+00,1.097861112933007144e+00,9.746041178765317170e+00
1.012251043178800769e+00,1.021469234669140302e+00,3.079049060068601573e+00,2.041737713598777759e+00,9.010644107579532047e+00
9.525198559227818773e-01,2.070838077451720327e+00,9.081303200029043898e-01,2.252124778599523758e+00,9.464071457942631937e+00
8.983792601384649190e-01,2.121217992828049237e+00,2.025007094052212686e+00,3.077054388241621030e+00,8.784703503850511908e+00
9.087597347990542529e-01,2.006831197069475881e+00,2.976284928692813470e+00,3.331984209147667020e+00,8.095067847810874184e+00
1.025020013896803306e+00,2.880592251552586358e+00,1.055941887011176972e+00,3.742752330099858415e+00,8.345299206782932799e+00
9.163249582265240445e-01,2.997698145379680934e+00,1.986752992673274765e+00,4.048664882141955523e+00,7.795973230405596865e+00
1.011663808075495163e+00,2.950161008737572477e+00,3.065661280550768364e+00,4.058544416781534991e+00,7.280090361971506496e+00
2.073385974768407802e+00,1.035394634668616032e+00,1.084120881927760571e+00,3.510415357127431690e+00,9.125985999817929795e+00
1.896405318452516253e+00,9.536080710471561694e-01,1.882114197010000156e+00,3.526905929662984995e+00,8.992742906360797761e+00
1.889182402507114222e+00,9.523794210733524945e-01,3.011782321498395643e+00,4.045149974694076889e+00,8.130200398479530577e+00
1.928311753144794860e+00,1.945521926898930554e+00,1.073845423803725163e+00,4.583270051806236367e+00,8.242441122696645195e+00
1.981553259706336556e+00,1.882932717217017604e+00,1.927634666210727543e+00,4.830178319915218843e+00,7.884060980123231310e+00
2.056290514647025613e+00,2.058188918818387059e+00,2.914641060768842884e+00,5.100390614068755823e+00,7.394292296759692462e+00
2.024729510603672455e+00,2.898532231798337300e+00,1.020130621025467477e+00,5.721617321914607146e+00,6.375735246793864164e+00
1.961988811806313349e+00,3.095468526945098553e+00,1.952661045686606256e+00,5.745202375320200616e+00,6.116885553535793107e+00
2.020618814097034921e+00,2.987411149179856285e+00,2.913277842611925905e+00,5.766185642416816748e+00,6.208153122112745947e+00
2.930828779360632463e+00,1.035613069043049617e+00,9.322886233530424116e-01,5.635621931964736930e+00,7.448370430778366469e+00
3.013196119740817025e+00,1.082175954300821807e+00,2.044757748727984215e+00,5.853235043383135050e+00,7.187387062880448596e+00
3.089404150994845111e+00,1.092037957055387754e+00,2.905518509281528328e+00,6.010836711854635084e+00,6.983006088172118986e+00
2.912738605779161993e+00,2.054813494250148587e+00,1.079711090556151554e+00,6.392893518872742931e+00,6.029083024351305831e+00
3.101772503230949329e+00,2.111176632442056889e+00,2.053842193355870815e+00,6.604225383751414213e+00,5.569653281061800243e+00
3.066491292600350249e+00,2.012440935415853005e+00,2.941903534118903263e+00,6.541639927154522915e+00,5.782079347505533207e+00
3.088191291714432296e+00,3.104328631882399048e+00,9.178149959084315190e-01,6.530491720216230256e+00,4.125462007205877413e+00
2.923526269864018978e+00,3.092466067766571403e+00,2.036322271697492692e+00,3.351683968388755375e+00,-2.925291546823631350e+00
2.975116705920760829e+00,2.999949247624505766e+00,2.952311350765864262e+00,-2.205994575407714819e+00,-8.649266897882000649e+00
1.058813157640013491e+00,9.695416021352883940e-01,9.420412157114219642e-01,1.924444845433669615e-01,9.997530601495990155e+00
1.020355163835096279e+00,1.043933025023472627e+00,1.976813597112429433e+00,1.188883518376530946e+00,9.745485274620101279e+00
8.761621526480831701e-01,9.430432178208112415e-01,2.946004994049828074e+00,1.876723317551840076e+00,9.151638456005798616e+00
9.122351979988557735e-01,1.919676339102386775e+00,9.906969622428329902e-01,1.953005637422978946e+00,9.602800123858743930e+00
1.006835637137703410e+00,2.086978603770482721e+00,2.027601095243624307e+00,3.046522471860096282e+00,8.814175503667065925e+00
9.210284504169633513e-01,1.893766605409949344e+00,2.881410243712734687e+00,3.177466105258903273e+00,8.308971703443875256e+00
9.703274668316326235e-01,3.044057680250987552e+00,9.610031189510902516e-01,3.891294763506946364e+00,8.139717354078774392e+00
9.710785823306202769e-01,3.059941138808317529e+00,1.948926852670574306e+00,4.094368954059952159e+00,7.751039068510549690e+00
9.108662242592293623e-01,2.904663145698029414e+00,2.887297542778590742e+00,4.026203107762208688e+00,7.391969777593314639e+00
2.007103599516196546e+00,9.643569875969173477e-01,9.346695257174775229e-01,3.190690165209912443e+00,9.287451382487592610e+00
2.078369568162419245e+00,1.123678344570659737e+00,2.001248321909403050e+00,4.199592272977619167e+00,8.534298498039525782e+00
2.044902677018776593e+00,1.013772302255449453e+00,2.931660758190910876e+00,4.325859744274142216e+00,8.005507585194381548e+00
1.895350468320851967e+00,1.884004226646000424e+00,1.014936968299776199e+00,4.396383928193514201e+00,8.415978821578793401e+00
1.984454522953912781e+00,1.924355156818940760e+00,1.933853267118330166e+00,4.872760199140214965e+00,7.835535399974715709e+00
2.110270772864254241e+00,1.884065410665908713e+00,3.069865760606830918e+00,5.060898230668748887e+00,7.339666898257962480e+00
1.876999446020988449e+00,3.090464961878815586e+00,9.346970224324362420e-01,5.629494858897850840e+00,6.309410567072189835e+00
1.896748189018034214e+00,2.940894097139564956e+00,2.118528575679372583e+00,5.564106725539358145e+00,6.565960511857837467e+00
2.068877958502848724e+00,3.068178561256157622e+00,2.879713283514006683e+00,5.864058523626004771e+00,5.943158838037036595e+00
2.938121999284565966e+00,1.094946339737419505e+00,9.105679453135196999e-01,5.713172472433319271e+00,7.356493492300272052e+00
2.988340369834919574e+00,1.105490455727391241e+00,1.939691559051262004e+00,5.825930061377192715e+00,7.220040148170759231e+00
2.879196143618516501e+00,1.087520781731087016e+00,3.081344698736080190e+00,5.583947699421913491e+00,7.497641705468915951e+00
2.935123833919896619e+00,1.967331712967363089e+00,1.013131062302626617e+00,6.378073873301430829e+00,6.119661086157345053e+00
2.904986238673395782e+00,1.981905994885116540e+00,1.906796564375526248e+00,6.348908272400568542e+00,6.160548540028425890e+00
2.890999284260667324e+00,2.082601640621765782e+00,3.056546540962525871e+00,6.380525589522674679e+00,6.029854787426979001e+00
3.106576433474728116e+00,2.939629199701164541e+00,9.288177316339896183e-01,6.591544294538294935e+00,4.346496353519747835e+00
2.978743368572658756e+00,3.006979028976861201e+00,1.987676094761091861e+00,3.550740059833131568e+00,-2.978298563009463606e+00
3.003515358838512395e+00,2.968845298469116933e+00,2.973245284215070949e+00,-2.344523416565074569e+00,-8.774473616965696721e+00
9.400783425772321067e-01,9.760388681606024797e-01,9.075205407126699653e-01,0.000000000000000000e+00,1.000000000000000000e+01
1.004710808299099423e+00,1.033313489505582217e+00,2.046352927091655172e+00,1.185689926069556144e+00,9.725033509630451434e+00
1.012711006769740685e+00,9.957915198019168246e-01,3.039526779101265230e+00,1.978909563138862682e+00,9.062856124679687042e+00
9.814022361556321572e-01,2.033879419962360657e+00,1.068606865885861401e+00,2.239268356516202818e+00,9.469915664422853041e+00
1.094741474273154713e+00,2.071391803240806961e+00,2.053833810117477121e+00,3.257611246556877393e+00,8.709427459746713396e+00
1.092968446813087802e+00,1.988674388572513774e+00,3.121081197475479296e+00,3.535803422705166010e+00,7.877915546916256950e+00
1.058737381691051471e+00,3.004103040012263470e+00,9.130545149708231278e-01,3.980338601331229853e+00,8.107210633614522877e+00
9.302741788727522110e-01,2.973984176323655859e+00,1.931548906435767599e+00,4.021014930316240132e+00,7.846850602700151001e+00
9.426670181417069472e-01,3.001544201629734232e+00,3.013185528407123392e+00,4.072943105085805371e+00,7.300667321029679080e+00
2.088107467923184579e+00,9.036416929657775654e-01,9.883252357643776964e-01,3.428547246197585441e+00,9.170462036515232285e+00
1.989072284733617524e+00,9.334600145357623280e-01,2.070404727450054772e+00,3.863822330737944011e+00,8.742451671406378466e+00
2.015589731795198514e+00,1.111051396603488728e+00,2.972210765227893958e+00,4.376856279326458043e+00,7.911493551873317820e+00
1.986602718229418363e+00,2.040487045282402434e+00,9.427419723703219789e-01,4.821803058328530511e+00,8.009389553108229975e+00
1.971891860189497914e+00,2.115438007404759180e+00,1.903397058268445630e+00,5.005461549596295967e+00,7.678561317567810462e+00
1.983527903932739811e+00,2.025965169439136293e+00,2.898367719219477223e+00,4.983012629040635133e+00,7.387226181122367841e+00
2.037038811534931604e+00,2.973660568822413364e+00,1.089276048297197930e+00,5.780395307482391942e+00,6.200390437199395421e+00
2.058157268748499913e+00,2.936178154229196036e+00,1.976721052277271795e+00,5.788129225917701071e+00,6.229656401034223023e+00
1.881659061529202592e+00,3.026422182287195284e+00,3.095148078424370119e+00,5.597817415296854726e+00,6.428091372994950703e+00
3.103219616302536732e+00,9.033987379213385127e-01,9.197926837458809679e-01,5.956558192415871034e+00,7.057347309604939056e+00
2.951536103464735827e+00,9.383312534789631787e-01,1.903890925201770390e+00,5.642111746061759803e+00,7.441313089144617976e+00
3.096398842135243967e+00,9.308001973822406239e-01,2.992998050993688874e+00,5.942968601427333297e+00,7.075054557319383264e+00
2.905471631098416552e+00,1.970089515648053347e+00,1.108880559003482480e+00,6.343473481260270219e+00,6.178108322314137979e+00
3.082943591517616877e+00,2.103564305205789964e+00,1.974180769638284483e+00,6.585259274502149651e+00,5.615961791351423038e+00
3.085565291897833351e+00,1.995102587049694787e+00,3.099520955816959411e+00,6.554974384649876029e+00,5.769856519740278245e+00
3.121903165934920121e+00,3.024021574669717882e+00,9.485570753858413307e-01,6.570317644048527583e+00,4.211588877813113641e+00
2.892647772591853794e+00,3.039480100563381360e+00,1.902970286062257266e+00,3.710669076032310443e+00,-3.340950108322532586e+00
3.100603064721772828e+00,3.071022224896319486e+00,3.094054407997185674e+00,-1.194456593831906943e+00,-4.911870279646690207e+00
9.120279536383525398e-01,8.796959381315831994e-01,9.282402413294743582e-01,0.000000000000000000e+00,1.000000000000000000e+01
1.075918985338941702e+00,1.034291775990352269e+00,1.923472200310476499e+00,1.291030015737901326e+00,9.746158183828349308e+00
1.077534253117822693e+00,8.927875860868002000e-01,3.108201741694748943e+00,2.205799252592385074e+00,8.945002412505356659e+00
9.681692488159490129e-01,1.885339555713044124e+00,9.684463218465484413e-01,1.883828734499327640e+00,9.631542863784666508e+00
1.033994990532395963e+00,1.930913176948761523e+00,1.926842434416925043e+00,2.817698114499044060e+00,9.033171653213811325e+00
9.352665371246126069e-01,1.924779291541120152e+00,3.028256157099500356e+00,3.258722187233056289e+00,8.135580365719199847e+00
1.076083638971316647e+00,3.080355296038182811e+00,9.973031936464260561e-01,4.122424677853275377e+00,7.944396151133416240e+00
1.124756313609075908e+00,3.043788455421497563e+00,1.968129604892862705e+00,4.310679130638904510e+00,7.644783166978176503e+00
9.073978658415565723e-01,2.950083129296919182e+00,2.957582117550157985e+00,4.048247868961234452e+00,7.338291952194032852e+00
1.907465875144966905e+00,9.036683890993546520e-01,9.153604882140009558e-01,2.892682716528364839e+00,9.419710015708611550e+00
1.928145512346080004e+00,9.520870053619718831e-01,1.979642154807042642e+00,3.666858075106259829e+00,8.886517765286910731e+00
1.972625018263991059e+00,1.106552696101348099e+00,3.006225659308281895e+00,4.304651481980771521e+00,7.934471260927846714e+00
1.933908405749440451e+00,2.112349619299474401e+00,1.092952684043987155e+00,4.819397290128065947e+00,7.970747410677680556e+00
2.123617542872876740e+00,2.085455548910317702e+00,2.049659817176433307e+00,5.214593782265062316e+00,7.541948950415481079e+00
2.003631835434248387e+00,2.057938455513425247e+00,2.895527624437827630e+00,5.029306163793610729e+00,7.388255530050855668e+00
1.999385321464412169e+00,2.902370127916583442e+00,9.512879128174446253e-01,5.688474260510826497e+00,6.422452429208059144e+00
1.900629795501325381e+00,2.949046025307792362e+00,1.899921325691757090e+00,5.575430575312499748e+00,6.541530082849113192e+00
2.092805680167523441e+00,3.039641971542683674e+00,2.878051408555893254e+00,5.880409799044921115e+00,5.949391201063406243e+00
2.888966985922083897e+00,9.079694558046239594e-01,9.096287648798015990e-01,5.505123554654534068e+00,7.593487474018939309e+00
2.935950620175668213e+00,9.767006484365656771e-01,2.002347046874964676e+00,5.608378390216284259e+00,7.479567434241150892e+00
3.089576367095596243e+00,8.895487598371216720e-01,3.016016734838618429e+00,5.929322963262922741e+00,7.092725682786094055e+00
2.882274267448682092e+00,1.945796011576700790e+00,9.847624909110432867e-01,6.301430675879112542e+00,6.265889890738733925e+00
3.068264352715012855e+00,2.037233792738108562e+00,1.929873767731242529e+00,6.551653465253867381e+00,5.741998650752217159e+00
3.024623343462985670e+00,1.989836767734645351e+00,3.005704441355640633e+00,6.489694366244260770e+00,5.899685452994570589e+00
2.984799345861165687e+00,3.031166192785258229e+00,9.283516499268154032e-01,6.520865905986990896e+00,4.342764260767518536e+00
3.017723767771531396e+00,3.110373050421904040e+00,1.989449393130769739e+00,3.821697824290099632e+00,-1.427448008229152521e+00
2.970068008175833274e+00,2.950221533786892891e+00,3.123943726338407334e+00,-4.425336323701333896e+00,-1.142605291146309554e+01
9.822115510060291932e-01,1.107138593741988197e+00,1.111702746327946301e+00,3.550508665306896239e-01,9.985889560571703072e+00
1.112030984187067473e+00,9.997692703214142718e-01,2.105429341819875955e+00,1.508037420786258798e+00,9.650321944901573801e+00
1.021189006231403296e+00,1.095415298812448146e+00,3.022606348597849824e+00,2.156860484720557469e+00,8.985757778707082366e+00
1.001788827994250619e+00,2.039839274821900084e+00,1.086487372449008948e+00,2.271475785075600662e+00,9.454263698130997540e+00
9.313008968230223061e-01,1.986228851117040728e+00,2.030677703281337010e+00,2.881147034973549736e+00,8.933016727057472295e+00
9.403461879716075167e-01,1.973869124051193191e+00,2.891392016028165646e+00,3.272272097917195310e+00,8.210915383043605686e+00
1.044726743211881193e+00,3.038083053425145508e+00,9.204765994339250135e-01,3.992244755373304699e+00,8.073181848494048296e+00
9.847342158041506588e-01,2.975171039854640931e+00,1.980772750687938677e+00,4.029202167930424849e+00,7.821724008400742889e+00
8.828535711525768992e-01,3.015521649493947631e+00,2.934802210173109049e+00,4.087069302800424353e+00,7.335715335324187514e+00
1.876066267255279918e+00,1.020050973193527444e+00,1.080583378245750126e+00,2.904352343847276696e+00,9.413482450521929223e+00
1.968374892801843412e+00,8.890976993044723553e-01,1.911363904600771768e+00,3.723686789136479103e+00,8.876347270807318779e+00
2.050886653305440621e+00,1.010825312118531993e+00,3.084384309326468898e+00,4.362831268750908542e+00,7.877281011740069339e+00
1.886556484817083268e+00,2.110911014751564174e+00,1.024736671735371196e+00,4.698728330527817576e+00,8.082180515509612917e+00
2.097315810168247641e+00,2.120410885229037312e+00,2.055239469757817794e+00,5.200525262706538143e+00,7.539225698574568035e+00
1.944053947203118193e+00,1.997845660832987091e+00,3.043387030203422494e+00,4.904074953292322903e+00,7.333455098158036201e+00
2.068926441960402318e+00,2.897726098968416153e+00,1.101206684399062219e+00,5.781309791809713161e+00,6.282660285075614581e+00
1.899430553013230938e+00,3.085958191654880611e+00,2.004096166526147638e+00,5.657737415615067711e+00,6.270354080982032841e+00
1.886040377285308933e+00,2.905770186934796495e+00,3.037683073228315767e+00,5.523099375962122082e+00,6.658072916660601415e+00
3.008126821160308495e+00,1.029911086248522345e+00,1.054378396186906874e+00,5.792180319315621162e+00,7.264268675209644144e+00
3.026295374306899433e+00,9.676644034067880540e-01,2.110623468629246879e+00,5.800266732172334017e+00,7.254672000848730207e+00
2.955110404859790485e+00,9.661895035868056647e-01,2.935529481465964707e+00,5.649811270140986608e+00,7.432507740671866259e+00
3.031789915425005866e+00,1.942548555057096449e+00,1.110266928643859341e+00,6.478382722635322111e+00,5.955777476561118000e+00
3.107086464647357715e+00,2.081666160299134205e+00,2.109096898298754574e+00,6.601455782353378154e+00,5.602664260224070603e+00
3.010302001862397603e+00,1.936071913238667230e+00,2.987934576521401819e+00,6.451429662997860248e+00,6.009954541641616466e+00
3.079896811399578382e+00,3.009014247264620412e+00,1.015244466586512795e+00,6.539347007602048123e+00,4.172746088378913143e+00
3.044798578752806240e+00,3.020806794014272434e+00,2.068498031752722621e+00,3.439670769977333009e+00,-2.370814928622841933e+00
2.989612093849379537e+00,2.970195271439957541e+00,3.014510961107376819e+00,-2.840488525879631965e+00,-9.381428371593145243e+00
9.476109173753937132e-01,1.037221356403504213e+00,9.880485503700648930e-01,8.120083288004904809e-02,9.999340598992990436e+00
8.786422669887059556e-01,8.755475099693714736e-01,2.029475347049489287e+00,1.085597638618901906e+00,9.751994175619703498e+00
1.064300628060046883e+00,9.568755821387777694e-01,3.040006736237559348e+00,2.124995195150767735e+00,9.016977789098941543e+00
8.809996531379159501e-01,2.033248737025946440e+00,1.061794890371377864e+00,2.232186608976003406e+00,9.473573001770644098e+00
1.112040538094433373e+00,2.114220329095297224e+00,2.087666237957403137e+00,3.374333784273106929e+00,8.612672017598546503e+00
1.073815150443953481e+00,1.921586486549013761e+00,2.887454110853695521e+00,3.374136613506271587e+00,8.190414391342706324e+00
8.890751521572146654e-01,2.879414770181561778e+00,1.024705331618727788e+00,3.665660249387389769e+00,8.400347968272466659e+00
9.648052838822368527e-01,3.039265532007980664e+00,1.891807119389600222e+00,4.070730985428220983e+00,7.796101959353817890e+00
1.092494798170703385e+00,2.905049053932081460e+00,3.078648301947046750e+00,4.163518723941356470e+00,7.270277204643576852e+00
1.905495251301562387e+00,8.838633753198941179e-01,1.017694422757393191e+00,2.901548308124739961e+00,9.415948589440381156e+00
1.999283112359297121e+00,1.079899591036091122e+00,1.942384191101463209e+00,3.932717706415099990e+00,8.730839758533704753e+00
1.966961228489946034e+00,1.063880008364757934e+00,2.947203278257363390e+00,4.240151082000231497e+00,8.031718016044163022e+00
2.033092668456372376e+00,1.980159761814335617e+00,9.474334691350763116e-01,4.845205615303135538e+00,8.014636627161493720e+00
1.916743499285950891e+00,1.970299910322005132e+00,2.124249136415211403e+00,4.826038631262452583e+00,7.781468484460148716e+00
2.117070739597299411e+00,2.057712690302927250e+00,2.970877102896211763e+00,5.181586054768966498e+00,7.410602104279411684e+00
2.037599685698029628e+00,2.961996058094536366e+00,1.078802911348150539e+00,5.774962965231266843e+00,6.222407727035909275e+00
1.891317898466958969e+00,3.087198081512553038e+00,2.124595471938049318e+00,5.647354133345809934e+00,6.285267471858712263e+00
1.989716263955976450e+00,3.103480967685921854e+00,2.876075716313040598e+00,5.783827744110291214e+00,6.041253662238692534e+00
3.010956248717767458e+00,9.990433529438420557e-01,1.058914774733107578e+00,5.768314245651782635e+00,7.293386147955398968e+00
2.981491871129393179e+00,8.856061466893057066e-01,1.913124285500757527e+00,5.706214227729835997e+00,7.367146924765432203e+00
3.052250497351569170e+00,9.936230476704178693e-01,3.059985245524811326e+00,5.853740563157620258e+00,7.188680136162318490e+00
2.876631532934879942e+00,1.898790972636902108e+00,8.801088027081273024e-01,6.267224704273954394e+00,6.352001080021964619e+00
3.003634828498749076e+00,2.030644933318147771e+00,2.011187632880650611e+00,6.483098232230698699e+00,5.880445837789682884e+00
3.065690951544438825e+00,2.122417877378091067e+00,2.898878460108621269e+00,6.574529191114409699e+00,5.620539267300374675e+00
3.074576431689550748e+00,2.907863009189967762e+00,1.083351063108671353e+00,6.464113264749842713e+00,3.765297117333749277e+00
2.988039736610413222e+00,2.891637197311726304e+00,2.118435423966906317e+00,2.375360287724266328e+00,-6.348192694126552738e+00
3.058683609327307096e+00,3.088180395943064038e+00,2.976530016149759650e+00,-7.718872952809965327e-01,-5.040707043075096649e+00
9.830331024352040314e-01,9.116188648166547726e-01,1.046049551218203089e+00,5.022888805413307928e-02,9.999495360828831281e+00
9.256370281100471109e-01,1.037984693179214046e+00,1.879664182971053865e+00,1.015771319583478771e+00,9.801946774979382937e+00
9.968043518754736709e-01,9.886137904215043237e-01,2.929040965623064707e+00,1.864446666118917850e+00,9.165484502839355230e+00
8.754598942538937001e-01,2.039439707893840215e+00,1.065686289450136659e+00,2.247514546501375943e+00,9.465826861218952004e+00
1.034520936196081209e+00,1.902417369923206536e+00,2.030757454648470350e+00,2.842834445737441484e+00,8.986887116542671805e+00
9.252890216379433541e-01,1.941959703188042896e+00,2.994954134046784233e+00,3.267986904614349708e+00,8.148467471915106231e+00
8.991985329783260816e-01,3.085583352737798268e+00,9.262004012321932711e-01,3.947541432255533778e+00,8.068699503148838659e+00
1.088470705782055514e+00,2.982809220739435663e+00,2.018917568004897856e+00,4.204966201241626678e+00,7.711152038795324515e+00
9.724311560996985460e-01,3.057366711586250396e+00,3.073001057218296417e+00,4.098963042092381492e+00,7.272978233950559535e+00
2.027735935551881141e+00,9.723843775518281607e-01,1.066652263840594195e+00,3.302439733256583576e+00,9.233107351796222773e+00
1.935416458948711504e+00,9.307055287535265231e-01,2.065955236982803811e+00,3.735293338538768992e+00,8.818393592174238904e+00
2.051415663177767357e+00,9.258765253824868813e-01,2.962278550115175157e+00,4.330345139127746990e+00,7.986695821704727472e+00
2.022722781161985228e+00,1.909668397393291750e+00,9.909140301272850726e-01,4.727181523599401025e+00,8.145009746461862932e+00
1.889969859216675596e+00,2.030402317672584722e+00,1.928141216343633779e+00,4.805618439033247036e+00,7.842028935682118451e+00
1.889343981387250127e+00,2.057811307447489746e+00,2.946001359618527271e+00,4.870153119104177364e+00,7.370787842580208249e+00
1.974415856536576364e+00,3.103077472454205843e+00,9.617380594757181100e-01,5.764576458953657223e+00,6.074860380710451757e+00
1.884804706668716134e+00,3.082697673423453910e+00,1.900100396882440146e+00,5.635849421313872121e+00,6.308321688279685091e+00
2.094306913134871273e+00,3.010485223526562670e+00,2.916153750335378714e+00,5.869764053157867423e+00,6.004491237455725994e+00
2.904454624204463986e+00,1.087410930805579934e+00,9.632898416709022582e-01,5.634850698092837007e+00,7.447525263636659787e+00
3.052095213319581113e+00,1.088163071838012863e+00,1.879319290711506385e+00,5.935590711636871575e+00,7.082362602438287524e+00
2.933376833612044710e+00,9.149897634277230907e-01,2.911627936570644337e+00,5.602782669867748311e+00,7.485862648953502507e+00
3.000493969001116756e+00,2.002182079735581155e+00,9.210389188092388268e-01,6.468470775985061039e+00,5.930184931733498033e+00
3.007491020424109429e+00,2.112700597396941493e+00,2.084415858142630640e+00,6.516191697154436469e+00,5.747244144525232024e+00
3.117803448371843977e+00,2.077892868051495867e+00,3.059601323263636541e+00,6.610168880034639649e+00,5.588121672839595711e+00
3.017678991887800866e+00,2.998523952103785195e+00,8.828848296580020794e-01,6.542198217611383981e+00,4.354425446182922599e+00
3.012580453292128091e+00,3.043900195747749393e+00,1.950351741621237700e+00,3.886481513500532614e+00,-1.842995995981617341e+00
3.065572973193503081e+00,2.945782629419932963e+00,3.010443078984276433e+00,-2.026656501373489405e+00,-7.716475874532795487e+00
